{"name":"3197bfe3-8392-4442-a0ab-41142dd65dcd","id":"/providers/Microsoft.Flow/flows/3197bfe3-8392-4442-a0ab-41142dd65dcd","type":"Microsoft.Flow/flows","properties":{"apiId":"/providers/Microsoft.PowerApps/apis/shared_logicflows","displayName":"Import Autopilot (SCConfigMgr sample)","definition":{"metadata":{"workflowEntityId":null,"creator":{"id":"a4bc1549-1aae-4f21-9cf9-6deb820ef0d9","type":"User","tenantId":"8cfbf3fe-35a7-482f-ab0a-32e5f5109225"},"provisioningMethod":"FromDefinition","failureAlertSubscription":true,"clientLastModifiedTime":"2019-07-09T20:22:16.0274605Z"},"$schema":"https://schema.management.azure.com/providers/Microsoft.Logic/schemas/2016-06-01/workflowdefinition.json#","contentVersion":"1.0.0.0","parameters":{"$connections":{"defaultValue":{},"type":"Object"},"$authentication":{"defaultValue":{},"type":"SecureObject"}},"triggers":{"manual":{"type":"Request","kind":"Http","inputs":{"schema":{"type":"object","properties":{"serialNumber":{"type":"string"},"hardwareIdentifier":{"type":"string"},"EmailAddress":{"type":"string"},"assignedUserPrincipalName":{"type":"string"},"orderIdentifier":{"type":"string"}}}}}},"actions":{"Create_importedWindowsAutopilotDeviceIdentities":{"runAfter":{},"metadata":{"flowSystemMetadata":{"swaggerOperationId":"CreateImportedwindowsautopilotdeviceidentities"}},"type":"ApiConnection","inputs":{"host":{"connection":{"name":"@parameters('$connections')['shared_autopilot.5fb0c47a858aab2c6d.5f525e0b751a55b047']['connectionId']"},"api":{"runtimeUrl":"https://flow-apim-europe-001-francecentral-01.azure-apim.net/apim/autopilot.5fb0c47a858aab2c6d.5f525e0b751a55b047"}},"method":"post","body":{"orderIdentifier":"@triggerBody()?['orderIdentifier']","serialNumber":"@triggerBody()?['serialNumber']","hardwareIdentifier":"@triggerBody()?['hardwareIdentifier']","assignedUserPrincipalName":"@triggerBody()?['assignedUserPrincipalName']"},"headers":{"Content-Type":" application/json"},"path":"/beta/deviceManagement/importedWindowsAutopilotDeviceIdentities","authentication":"@parameters('$authentication')"}},"Parse_JSON":{"runAfter":{"Create_importedWindowsAutopilotDeviceIdentities":["Succeeded"]},"type":"ParseJson","inputs":{"content":"@body('Create_importedWindowsAutopilotDeviceIdentities')","schema":{"type":"object","properties":{"@@odata.context":{"type":"string"},"id":{"type":"string"},"orderIdentifier":{"type":"string"},"serialNumber":{"type":"string"},"productKey":{"type":"string"},"importId":{"type":"string"},"hardwareIdentifier":{"type":"string"},"assignedUserPrincipalName":{"type":"string"},"state":{"type":"object","properties":{"deviceImportStatus":{"type":"string"},"deviceRegistrationId":{"type":"string"},"deviceErrorCode":{"type":"integer"},"deviceErrorName":{"type":"string"}}}}}}},"Do_until":{"actions":{"Get_ImportedWindowsAutopilotDeviceIdentities":{"runAfter":{"Delay":["Succeeded"]},"metadata":{"flowSystemMetadata":{"swaggerOperationId":"GetImportedwindowsautopilotdeviceidentities"}},"type":"ApiConnection","inputs":{"host":{"connection":{"name":"@parameters('$connections')['shared_autopilot.5fb0c47a858aab2c6d.5f525e0b751a55b047']['connectionId']"},"api":{"runtimeUrl":"https://flow-apim-europe-001-francecentral-01.azure-apim.net/apim/autopilot.5fb0c47a858aab2c6d.5f525e0b751a55b047"}},"method":"get","path":"/beta/deviceManagement/importedWindowsAutopilotDeviceIdentities/@{encodeURIComponent(body('Parse_JSON')?['id'])}","authentication":"@parameters('$authentication')"}},"Delay":{"runAfter":{},"type":"Wait","inputs":{"interval":{"count":15,"unit":"Second"}}}},"runAfter":{"Parse_JSON":["Succeeded"]},"expression":"@not(equals(body('Get_ImportedWindowsAutopilotDeviceIdentities')?['state']?['deviceImportStatus'], 'unknown'))","limit":{"count":80,"timeout":"PT20M"},"type":"Until"},"Condition":{"actions":{"Send_an_email_(V2)_2":{"runAfter":{},"metadata":{"flowSystemMetadata":{"swaggerOperationId":"SendEmailV2"}},"type":"ApiConnection","inputs":{"host":{"connection":{"name":"@parameters('$connections')['shared_office365_1']['connectionId']"},"api":{"runtimeUrl":"https://flow-apim-europe-001-northeurope-01.azure-apim.net/apim/office365"}},"method":"post","body":{"To":"@{triggerBody()?['EmailAddress']};","Subject":"Success: Device @{triggerBody()?['serialNumber']} is imported to Autopilot","Body":"<p>Device is imported to Autopilot<br>\n<br>\nSerial Number: @{triggerBody()?['serialNumber']}</p>"},"path":"/v2/Mail","authentication":"@parameters('$authentication')"}}},"runAfter":{"Do_until":["Succeeded"]},"expression":{"equals":["@body('Get_ImportedWindowsAutopilotDeviceIdentities')?['state']?['deviceImportStatus']","complete"]},"type":"If"},"Condition_2":{"actions":{"Send_an_email_(V2)":{"runAfter":{},"metadata":{"flowSystemMetadata":{"swaggerOperationId":"SendEmailV2"}},"type":"ApiConnection","inputs":{"host":{"connection":{"name":"@parameters('$connections')['shared_office365_1']['connectionId']"},"api":{"runtimeUrl":"https://flow-apim-europe-001-northeurope-01.azure-apim.net/apim/office365"}},"method":"post","body":{"To":"@{triggerBody()?['EmailAddress']};","Subject":"Failed: Device @{triggerBody()?['serialNumber']} import failed","Body":"<p>Autopilot device import failed.<br>\n<br>\nSerial Number: @{triggerBody()?['serialNumber']}<br>\nError Message: @{body('Get_ImportedWindowsAutopilotDeviceIdentities')?['state']?['deviceErrorName']}</p>"},"path":"/v2/Mail","authentication":"@parameters('$authentication')"}}},"runAfter":{"Do_until":["Succeeded"]},"expression":{"equals":["@body('Get_ImportedWindowsAutopilotDeviceIdentities')?['state']?['deviceImportStatus']","error"]},"type":"If"}},"outputs":{}},"connectionReferences":{"shared_autopilot.5fb0c47a858aab2c6d.5f525e0b751a55b047":{"connectionName":"shared-autopilot.5fb-5f04f0dd-61c7-4455-ab5f-68e52a765aed","source":"Embedded","id":"/providers/Microsoft.PowerApps/apis/shared_autopilot.5fb0c47a858aab2c6d.5f525e0b751a55b047","tier":"NotSpecified"},"shared_office365_1":{"connectionName":"shared-office365-0ee08bbd-1268-4cc5-99eb-76f376db3b64","source":"Embedded","id":"/providers/Microsoft.PowerApps/apis/shared_office365","tier":"NotSpecified"}},"flowFailureAlertSubscribed":false}}